{
  "tests": [
    {
      "name": "Inverted Index",
      "setup": "sudo -H pip install pytest nltk pathlib zip_files",
      "run": "pytest test_index.py",
      "input": "",
      "output": "",
      "comparison": "included",
      "timeout": 1,
      "points": 15
    },
    {
      "name": "Tries",
      "setup": "sudo -H pip install pytest nltk pathlib zip_files",
      "run": "pytest test_trie.py",
      "input": "",
      "output": "",
      "comparison": "included",
      "timeout": 1,
      "points": 15
    }
  ]
}